country,1961,1962,1963,1964,1965,1966,1967,1968,1969,1970,1971,1972,1973,1974,1975,1976,1977,1978,1979,1980,1981,1982,1983,1984,1985,1986,1987,1988,1989,1990,1991,1992,1993,1994,1995,1996,1997,1998,1999,2000,2001,2002,2003,2004,2005,2006,2007,2008,2009,2010,2011,2012,2013
Afghanistan,6990,,,,,6300,,,,,5580,,,,,5000,,,,,5160,,,,,5760,,,,,4750,,,,,3620,,,,,3040,,,,,2530,,,,,2200,,2010
Angola,27.1k,,,,,24.9k,,,,,22.5k,,,,,19.8k,,,,,16.8k,,,,,14.4k,,,,,12.5k,,,,,10.8k,,,,,9210,,,,,7740,,,,,6540,,5930
Albania,17.4k,,,,,15.1k,,,,,13.4k,,,,,12k,,,,,10.8k,,,,,9680,,,,,9320,,,,,9770,,,,,9670,,,,,10k,,,,,10.5k,,10.4k
Andorra,20.5k,,,,,15.2k,,,,,11.7k,,,,,9630,,,,,8070,,,,,6510,,,,,5360,,,,,4920,,,,,4440,,,,,3720,,,,,3980,,4480
United Arab Emirates,1340,,,,,873,,,,,463,,,,,208,,,,,130,,,,,98.8,,,,,74.3,,,,,57.8,,,,,44.2,,,,,25,,,,,16.8,,16.4
Argentina,41.2k,,,,,38.2k,,,,,35.4k,,,,,32.6k,,,,,30.2k,,,,,28k,,,,,26k,,,,,24.5k,,,,,23.1k,,,,,21.9k,,,,,20.8k,,20.2k
Armenia,,,,,,,,,,,,,,,,,,,,,,,,,,,,,,,2250,,,,,2480,,,,,2550,,,,,2600,,,,,2610,,2570
Antigua and Barbuda,924,,,,,839,,,,,774,,,,,741,,,,,754,,,,,819,,,,,820,,,,,720,,,,,650,,,,,616,,,,,584,,566
Australia,46k,,,,,41.1k,,,,,36.8k,,,,,34.6k,,,,,32.6k,,,,,30.2k,,,,,28.1k,,,,,26.6k,,,,,25.2k,,,,,23.5k,,,,,21.5k,,20.5k
Austria,10.9k,,,,,10.5k,,,,,10.3k,,,,,10.2k,,,,,10.2k,,,,,10.2k,,,,,9950,,,,,9690,,,,,9580,,,,,9360,,,,,9190,,9090
Azerbaijan,,,,,,,,,,,,,,,,,,,,,,,,,,,,,,,4650,,,,,4380,,,,,4190,,,,,3960,,,,,3710,,3560
Burundi,4330,,,,,3880,,,,,3540,,,,,3280,,,,,2880,,,,,2450,,,,,2130,,,,,1950,,,,,1750,,,,,1470,,,,,1240,,1120
Belgium,1990,,,,,1930,,,,,1900,,,,,1880,,,,,1860,,,,,1850,,,,,1830,,,,,1800,,,,,1770,,,,,1710,,,,,1650,,1620
Benin,10.5k,,,,,9660,,,,,8680,,,,,7690,,,,,6710,,,,,5810,,,,,4910,,,,,4150,,,,,3560,,,,,3030,,,,,2630,,2430
Burkina Faso,2720,,,,,2530,,,,,2320,,,,,2110,,,,,1890,,,,,1660,,,,,1450,,,,,1270,,,,,1100,,,,,946,,,,,814,,746
Bangladesh,24k,,,,,20.6k,,,,,18.2k,,,,,16.4k,,,,,14.3k,,,,,12.5k,,,,,11.1k,,,,,9930,,,,,9010,,,,,8370,,,,,7900,,7620
Bulgaria,2660,,,,,2560,,,,,2480,,,,,2420,,,,,2390,,,,,2380,,,,,2460,,,,,2600,,,,,2710,,,,,2810,,,,,2920,,2980
Bahrain,670,,,,,591,,,,,505,,,,,383,,,,,301,,,,,258,,,,,222,,,,,194,,,,,160,,,,,113,,,,,87,,84.2
Bahamas,5780,,,,,4590,,,,,3940,,,,,3550,,,,,3180,,,,,2880,,,,,2630,,,,,2440,,,,,2260,,,,,2050,,,,,1880,,1800
Bosnia and Herzegovina,,,,,,,,,,,,,,,,,,,,,,,,,,,,,,,8720,,,,,9920,,,,,9850,,,,,9770,,,,,9800,,9840
Belarus,,,,,,,,,,,,,,,,,,,,,,,,,,,,,,,5660,,,,,5740,,,,,5890,,,,,6060,,,,,6100,,6100
Belize,223k,,,,,193k,,,,,171k,,,,,159k,,,,,143k,,,,,125k,,,,,112k,,,,,98.1k,,,,,82.9k,,,,,72.8k,,,,,64.5k,,60.5k
Bolivia,150k,,,,,135k,,,,,122k,,,,,110k,,,,,98.4k,,,,,88.8k,,,,,80.5k,,,,,72.9k,,,,,66.3k,,,,,60.8k,,,,,56.1k,,53.5k
Brazil,112k,,,,,97.3k,,,,,85.7k,,,,,76k,,,,,67.5k,,,,,60.7k,,,,,55.7k,,,,,51.5k,,,,,47.8k,,,,,44.9k,,,,,42.7k,,41.6k
Barbados,344,,,,,338,,,,,331,,,,,322,,,,,315,,,,,311,,,,,305,,,,,300,,,,,295,,,,,290,,,,,284,,282
Brunei,94.9k,,,,,75.4k,,,,,59.9k,,,,,48.9k,,,,,41.4k,,,,,36k,,,,,31.3k,,,,,27.4k,,,,,24.8k,,,,,22.7k,,,,,21k,,20.1k
Bhutan,405k,,,,,357k,,,,,304k,,,,,253k,,,,,219k,,,,,190k,,,,,180k,,,,,156k,,,,,135k,,,,,114k,,,,,105k,,101k
Botswana,22.3k,,,,,19.4k,,,,,16.5k,,,,,13.8k,,,,,11.4k,,,,,9710,,,,,8380,,,,,7440,,,,,6850,,,,,6340,,,,,5740,,5410
Central African Republic,90.6k,,,,,82k,,,,,74.2k,,,,,66.9k,,,,,58.5k,,,,,51.3k,,,,,45.6k,,,,,40.3k,,,,,36.5k,,,,,33.6k,,,,,30.5k,,28.8k
Canada,156k,,,,,142k,,,,,131k,,,,,122k,,,,,116k,,,,,109k,,,,,102k,,,,,97.2k,,,,,92.7k,,,,,88k,,,,,83.2k,,80.7k
Switzerland,9720,,,,,8930,,,,,8530,,,,,8440,,,,,8440,,,,,8190,,,,,7850,,,,,7550,,,,,7390,,,,,7080,,,,,6670,,6450
Chile,115k,,,,,103k,,,,,93.1k,,,,,85.9k,,,,,79.8k,,,,,73.8k,,,,,68k,,,,,63.3k,,,,,59.4k,,,,,56.1k,,,,,53.1k,,51.4k
China,4180,,,,,3730,,,,,3270,,,,,2960,,,,,2760,,,,,2540,,,,,2340,,,,,2230,,,,,2160,,,,,2100,,,,,2050,,2020
Cote d'Ivoire,22.5k,,,,,18.3k,,,,,14.6k,,,,,11.6k,,,,,9350,,,,,7690,,,,,6450,,,,,5500,,,,,4900,,,,,4460,,,,,3990,,3710
Cameroon,50.6k,,,,,45.1k,,,,,39.7k,,,,,34.6k,,,,,29.9k,,,,,25.7k,,,,,22.1k,,,,,19.2k,,,,,16.9k,,,,,14.8k,,,,,13.1k,,12.1k
"Congo, Dem. Rep.",80k,,,,,69.8k,,,,,60.7k,,,,,52.9k,,,,,46.2k,,,,,40.4k,,,,,34k,,,,,28.8k,,,,,25.2k,,,,,21.4k,,,,,18.3k,,16.6k
"Congo, Rep.",779k,,,,,680k,,,,,586k,,,,,504k,,,,,435k,,,,,378k,,,,,331k,,,,,289k,,,,,255k,,,,,224k,,,,,194k,,180k
Colombia,135k,,,,,116k,,,,,102k,,,,,91.1k,,,,,81.3k,,,,,73k,,,,,66.4k,,,,,61.1k,,,,,56.8k,,,,,53.2k,,,,,50.3k,,48.9k
Comoros,6150,,,,,5610,,,,,5050,,,,,4360,,,,,3650,,,,,3160,,,,,2730,,,,,2370,,,,,2090,,,,,1850,,,,,1640,,1520
Cape Verde,1420,,,,,1210,,,,,1100,,,,,1090,,,,,1010,,,,,926,,,,,837,,,,,732,,,,,659,,,,,623,,,,,599,,576
Costa Rica,78.9k,,,,,66.7k,,,,,58k,,,,,51.2k,,,,,44.8k,,,,,39.3k,,,,,34.7k,,,,,30.7k,,,,,27.8k,,,,,25.9k,,,,,24.3k,,23.5k
Cuba,5120,,,,,4610,,,,,4220,,,,,3960,,,,,3840,,,,,3710,,,,,3550,,,,,3470,,,,,3410,,,,,3380,,,,,3360,,3350
Cyprus,1350,,,,,1320,,,,,1240,,,,,1170,,,,,1130,,,,,1080,,,,,974,,,,,876,,,,,796,,,,,734,,,,,691,,670
Czech Republic,,,,,,,,,,,,,,,,,,,,,,,,,,,,,,,,,,,,1280,,,,,1290,,,,,1270,,,,,1250,,1250
Germany,2070,,,,,2000,,,,,1960,,,,,1960,,,,,1980,,,,,1980,,,,,1920,,,,,1880,,,,,1890,,,,,1910,,,,,1910,,1910
Djibouti,3190,,,,,2280,,,,,1670,,,,,1080,,,,,780,,,,,618,,,,,478,,,,,438,,,,,402,,,,,375,,,,,352,,338
Dominica,3230,,,,,2960,,,,,2790,,,,,2720,,,,,2660,,,,,2760,,,,,2820,,,,,2830,,,,,2870,,,,,2830,,,,,2790,,2750
Denmark,1290,,,,,1240,,,,,1200,,,,,1180,,,,,1170,,,,,1170,,,,,1160,,,,,1140,,,,,1120,,,,,1100,,,,,1070,,1060
Dominican Republic,6670,,,,,5700,,,,,4940,,,,,4340,,,,,3870,,,,,3470,,,,,3150,,,,,2880,,,,,2660,,,,,2470,,,,,2310,,2230
Algeria,998,,,,,874,,,,,759,,,,,660,,,,,567,,,,,488,,,,,429,,,,,391,,,,,365,,,,,341,,,,,312,,294
Ecuador,91.9k,,,,,79.5k,,,,,68.8k,,,,,60k,,,,,52.7k,,,,,46.5k,,,,,41.3k,,,,,37.1k,,,,,33.8k,,,,,31.1k,,,,,28.7k,,27.4k
Egypt,2040,,,,,1800,,,,,1610,,,,,1440,,,,,1280,,,,,1120,,,,,989,,,,,900,,,,,822,,,,,751,,,,,681,,637
Eritrea,,,,,,,,,,,,,,,,,,,,,,,,,,,,,,,,,,,,2240,,,,,1930,,,,,1660,,,,,1500,,1400
Spain,3580,,,,,3390,,,,,3210,,,,,3040,,,,,2920,,,,,2860,,,,,2830,,,,,2790,,,,,2670,,,,,2470,,,,,2390,,2420
Estonia,,,,,,,,,,,,,,,,,,,,,,,,,,,,,,,8420,,,,,9090,,,,,9260,,,,,9530,,,,,9680,,9760
Ethiopia,,,,,,,,,,,,,,,,,,,,,,,,,,,,,,,,,,,,2000,,,,,1730,,,,,1510,,,,,1320,,1230
Finland,24.5k,,,,,24k,,,,,23.7k,,,,,23.2k,,,,,22.8k,,,,,22.3k,,,,,21.8k,,,,,21.4k,,,,,21.1k,,,,,20.8k,,,,,20.3k,,20k
Fiji,67.7k,,,,,58.5k,,,,,52.6k,,,,,47.7k,,,,,42.7k,,,,,39.6k,,,,,38.3k,,,,,36k,,,,,35k,,,,,34.2k,,,,,32.7k,,32k
France,4480,,,,,4240,,,,,4080,,,,,3940,,,,,3870,,,,,3770,,,,,3670,,,,,3600,,,,,3510,,,,,3410,,,,,3320,,3280
Gabon,326k,,,,,300k,,,,,271k,,,,,245k,,,,,216k,,,,,189k,,,,,165k,,,,,145k,,,,,129k,,,,,115k,,,,,103k,,96.2k
United Kingdom,2770,,,,,2680,,,,,2630,,,,,2610,,,,,2610,,,,,2600,,,,,2560,,,,,2520,,,,,2480,,,,,2400,,,,,2310,,2270
Georgia,,,,,,,,,,,,,,,,,,,,,,,,,,,,,,,11.8k,,,,,12.9k,,,,,13.7k,,,,,14.4k,,,,,15.3k,,15.8k
Ghana,7930,,,,,6980,,,,,6190,,,,,5520,,,,,4890,,,,,4170,,,,,3630,,,,,3200,,,,,2840,,,,,2500,,,,,2200,,2050
Guinea,61.2k,,,,,56.2k,,,,,52.6k,,,,,51.4k,,,,,48.2k,,,,,42k,,,,,33.5k,,,,,27.1k,,,,,24.8k,,,,,22.3k,,,,,19.4k,,17.9k
Gambia,20.9k,,,,,19.2k,,,,,16.9k,,,,,14.5k,,,,,12.3k,,,,,9950,,,,,8170,,,,,7100,,,,,6120,,,,,5210,,,,,4430,,4020
Guinea-Bissau,49.8k,,,,,46.6k,,,,,42.5k,,,,,39k,,,,,35.5k,,,,,31.8k,,,,,28.4k,,,,,25.4k,,,,,22.9k,,,,,20.6k,,,,,18.3k,,17k
Equatorial Guinea,101k,,,,,92.1k,,,,,94.6k,,,,,118k,,,,,103k,,,,,75.7k,,,,,64.3k,,,,,54.2k,,,,,45.8k,,,,,39.1k,,,,,33.6k,,30.8k
Greece,8130,,,,,7930,,,,,7720,,,,,7390,,,,,7000,,,,,6850,,,,,6630,,,,,6340,,,,,6210,,,,,6150,,,,,6160,,6240
Grenada,2160,,,,,2110,,,,,2130,,,,,2220,,,,,2150,,,,,2010,,,,,2060,,,,,1980,,,,,1960,,,,,1930,,,,,1900,,1870
Guatemala,29.4k,,,,,25.6k,,,,,22.3k,,,,,19.4k,,,,,17k,,,,,15k,,,,,13.3k,,,,,11.8k,,,,,10.4k,,,,,9270,,,,,8320,,7830
Guyana,451k,,,,,403k,,,,,381k,,,,,355k,,,,,345k,,,,,364k,,,,,378k,,,,,369k,,,,,365k,,,,,363k,,,,,357k,,353k
Honduras,43.1k,,,,,37.1k,,,,,32.4k,,,,,27.9k,,,,,23.8k,,,,,20.5k,,,,,17.8k,,,,,15.7k,,,,,14.2k,,,,,12.9k,,,,,11.9k,,11.4k
Croatia,,,,,,,,,,,,,,,,,,,,,,,,,,,,,,,22.3k,,,,,23.3k,,,,,24k,,,,,24.2k,,,,,24.6k,,24.9k
Haiti,3490,,,,,3160,,,,,2880,,,,,2630,,,,,2360,,,,,2100,,,,,1900,,,,,1730,,,,,1590,,,,,1470,,,,,1360,,1310
Hungary,10.3k,,,,,10.2k,,,,,9980,,,,,9760,,,,,9700,,,,,9920,,,,,10k,,,,,10.1k,,,,,10.2k,,,,,10.3k,,,,,10.4k,,10.6k
Indonesia,21.8k,,,,,19.1k,,,,,16.7k,,,,,14.7k,,,,,13.1k,,,,,11.8k,,,,,10.8k,,,,,9950,,,,,9290,,,,,8690,,,,,8140,,7840
India,4080,,,,,3680,,,,,3300,,,,,2940,,,,,2620,,,,,2340,,,,,2110,,,,,1920,,,,,1750,,,,,1620,,,,,1510,,1460
Ireland,18.4k,,,,,18k,,,,,17.2k,,,,,15.8k,,,,,14.9k,,,,,14.6k,,,,,14.5k,,,,,14k,,,,,13.1k,,,,,11.8k,,,,,11.1k,,11.1k
Iran,5940,,,,,5210,,,,,4560,,,,,3940,,,,,3270,,,,,2680,,,,,2360,,,,,2200,,,,,2020,,,,,1910,,,,,1800,,1730
Iraq,11.7k,,,,,10k,,,,,8480,,,,,7210,,,,,6220,,,,,5520,,,,,4870,,,,,4180,,,,,3600,,,,,3160,,,,,2730,,2470
Iceland,931k,,,,,861k,,,,,810k,,,,,765k,,,,,729k,,,,,689k,,,,,654k,,,,,623k,,,,,593k,,,,,557k,,,,,526k,,516k
Israel,786,,,,,671,,,,,587,,,,,507,,,,,458,,,,,422,,,,,370,,,,,316,,,,,285,,,,,257,,,,,231,,221
Italy,3790,,,,,3650,,,,,3530,,,,,3430,,,,,3380,,,,,3360,,,,,3350,,,,,3350,,,,,3320,,,,,3240,,,,,3200,,3200
Jamaica,6440,,,,,5990,,,,,5610,,,,,5240,,,,,4890,,,,,4610,,,,,4470,,,,,4270,,,,,4110,,,,,4000,,,,,3920,,3870
Jordan,973,,,,,710,,,,,517,,,,,448,,,,,380,,,,,314,,,,,250,,,,,206,,,,,190,,,,,163,,,,,134,,123
Japan,4560,,,,,4310,,,,,4030,,,,,3800,,,,,3650,,,,,3550,,,,,3490,,,,,3440,,,,,3410,,,,,3380,,,,,3380,,3400
Kazakhstan,,,,,,,,,,,,,,,,,,,,,,,,,,,,,,,6600,,,,,7010,,,,,7220,,,,,6880,,,,,6440,,6150
Kenya,3560,,,,,3020,,,,,2540,,,,,2110,,,,,1750,,,,,1450,,,,,1230,,,,,1060,,,,,939,,,,,824,,,,,722,,667
Kyrgyz Republic,,,,,,,,,,,,,,,,,,,,,,,,,,,,,,,5280,,,,,4990,,,,,4700,,,,,4520,,,,,4180,,3980
Cambodia,79k,,,,,71.1k,,,,,64.9k,,,,,65.9k,,,,,68.6k,,,,,57.9k,,,,,49.3k,,,,,42k,,,,,37.5k,,,,,34.7k,,,,,32.1k,,30.6k
St. Kitts and Nevis,471,,,,,507,,,,,541,,,,,546,,,,,561,,,,,580,,,,,580,,,,,547,,,,,511,,,,,476,,,,,447,,432
South Korea,2630,,,,,2350,,,,,2130,,,,,1950,,,,,1800,,,,,1680,,,,,1600,,,,,1540,,,,,1490,,,,,1450,,,,,1410,,1390
Kuwait,59.7,,,,,34.1,,,,,23.1,,,,,16.9,,,,,13.2,,,,,10.4,,,,,10.5,,,,,11.9,,,,,9.79,,,,,7.88,,,,,5.85,,5.14
Lao,150k,,,,,134k,,,,,118k,,,,,107k,,,,,98.2k,,,,,85.6k,,,,,74.2k,,,,,65.8k,,,,,60.6k,,,,,56.1k,,,,,51.5k,,49k
Lebanon,2340,,,,,2070,,,,,1860,,,,,1730,,,,,1710,,,,,1690,,,,,1600,,,,,1460,,,,,1280,,,,,1100,,,,,915,,770
Liberia,198k,,,,,176k,,,,,155k,,,,,135k,,,,,114k,,,,,106k,,,,,114k,,,,,98.1k,,,,,75.5k,,,,,65.9k,,,,,55.4k,,51.5k
Libya,456,,,,,376,,,,,303,,,,,247,,,,,203,,,,,172,,,,,152,,,,,138,,,,,127,,,,,116,,,,,111,,112
St. Lucia,3260,,,,,3010,,,,,2820,,,,,2660,,,,,2480,,,,,2290,,,,,2110,,,,,1990,,,,,1870,,,,,1760,,,,,1660,,1620
Sri Lanka,5090,,,,,4530,,,,,4060,,,,,3700,,,,,3410,,,,,3170,,,,,2980,,,,,2860,,,,,2770,,,,,2670,,,,,2590,,2550
Lesotho,3430,,,,,3110,,,,,2810,,,,,2500,,,,,2200,,,,,1990,,,,,1820,,,,,1680,,,,,1600,,,,,1550,,,,,1470,,1420
Lithuania,,,,,,,,,,,,,,,,,,,,,,,,,,,,,,,6640,,,,,6860,,,,,7140,,,,,7510,,,,,8120,,8510
Luxembourg,8970,,,,,8700,,,,,8540,,,,,8450,,,,,8390,,,,,8350,,,,,8230,,,,,8090,,,,,7890,,,,,7370,,,,,6570,,6170
Latvia,,,,,,,,,,,,,,,,,,,,,,,,,,,,,,,13.4k,,,,,14.3k,,,,,15.1k,,,,,16.1k,,,,,17.2k,,17.7k
Morocco,2210,,,,,1940,,,,,1730,,,,,1550,,,,,1380,,,,,1230,,,,,1120,,,,,1040,,,,,982,,,,,935,,,,,879,,844
Moldova,,,,,,,,,,,,,,,,,,,,,,,,,,,,,,,2810,,,,,2860,,,,,2940,,,,,2970,,,,,3010,,3020
Madagascar,63k,,,,,55.5k,,,,,48.5k,,,,,42k,,,,,36.5k,,,,,31.9k,,,,,27.5k,,,,,23.5k,,,,,20.1k,,,,,17.4k,,,,,15.1k,,13.9k
Maldives,316,,,,,279,,,,,243,,,,,208,,,,,177,,,,,148,,,,,127,,,,,113,,,,,103,,,,,95.1,,,,,87,,82.5
Mexico,11.4k,,,,,9740,,,,,8330,,,,,7180,,,,,6370,,,,,5730,,,,,5180,,,,,4720,,,,,4380,,,,,4080,,,,,3780,,3640
North Macedonia,,,,,,,,,,,,,,,,,,,,,,,,,,,,,,,3240,,,,,3250,,,,,3150,,,,,3120,,,,,3090,,3080
Mali,22.3k,,,,,21k,,,,,19.5k,,,,,17.9k,,,,,16.2k,,,,,14.9k,,,,,13.5k,,,,,11.8k,,,,,10.2k,,,,,8720,,,,,7450,,6820
Malta,163,,,,,166,,,,,166,,,,,162,,,,,154,,,,,146,,,,,139,,,,,133,,,,,129,,,,,125,,,,,122,,121
Myanmar,52k,,,,,46.3k,,,,,41k,,,,,36.4k,,,,,32.4k,,,,,29.2k,,,,,27.1k,,,,,25.4k,,,,,24k,,,,,23k,,,,,22.2k,,21.7k
Mongolia,34.4k,,,,,29.7k,,,,,25.6k,,,,,22.3k,,,,,19.6k,,,,,17.1k,,,,,15.5k,,,,,14.9k,,,,,14.2k,,,,,13.4k,,,,,12.4k,,11.8k
Mozambique,27.8k,,,,,25k,,,,,22.4k,,,,,19.7k,,,,,17.4k,,,,,16.5k,,,,,15.3k,,,,,12.9k,,,,,11.2k,,,,,9710,,,,,8440,,7760
Mauritania,12.5k,,,,,10.8k,,,,,9360,,,,,8100,,,,,7020,,,,,6110,,,,,5330,,,,,4600,,,,,3950,,,,,3430,,,,,3020,,2800
Mauritius,3940,,,,,3510,,,,,3230,,,,,2980,,,,,2780,,,,,2670,,,,,2540,,,,,2380,,,,,2290,,,,,2230,,,,,2190,,2160
Malawi,4570,,,,,4050,,,,,3560,,,,,3070,,,,,2670,,,,,2130,,,,,1790,,,,,1680,,,,,1470,,,,,1280,,,,,1100,,1000
Malaysia,66.6k,,,,,57.4k,,,,,50.6k,,,,,45k,,,,,39.9k,,,,,34.7k,,,,,30.2k,,,,,26.6k,,,,,23.8k,,,,,21.7k,,,,,20k,,19.1k
Namibia,63.1k,,,,,55.5k,,,,,48.1k,,,,,42k,,,,,37.8k,,,,,32k,,,,,26.4k,,,,,22.7k,,,,,20.4k,,,,,19.2k,,,,,17.4k,,16.2k
Niger,9470,,,,,8220,,,,,7160,,,,,6220,,,,,5410,,,,,4710,,,,,4030,,,,,3390,,,,,2820,,,,,2340,,,,,1930,,1710
Nigeria,6070,,,,,5460,,,,,4870,,,,,4250,,,,,3680,,,,,3240,,,,,2850,,,,,2510,,,,,2210,,,,,1950,,,,,1700,,1570
Nicaragua,87.2k,,,,,75.1k,,,,,64.5k,,,,,55.3k,,,,,47.9k,,,,,42.4k,,,,,38k,,,,,34.4k,,,,,31.8k,,,,,29.8k,,,,,28k,,27k
Netherlands,7750,,,,,7270,,,,,6870,,,,,6580,,,,,6380,,,,,6220,,,,,6020,,,,,5820,,,,,5660,,,,,5530,,,,,5430,,5380
Norway,108k,,,,,104k,,,,,99.9k,,,,,97.2k,,,,,95.7k,,,,,94k,,,,,91.7k,,,,,89.1k,,,,,86.6k,,,,,83.3k,,,,,78.3k,,75.4k
Nepal,20.3k,,,,,18.6k,,,,,16.8k,,,,,15.1k,,,,,13.5k,,,,,12k,,,,,10.6k,,,,,9390,,,,,8570,,,,,8070,,,,,7640,,7370
New Zealand,132k,,,,,121k,,,,,112k,,,,,105k,,,,,103k,,,,,98.8k,,,,,93.3k,,,,,87.2k,,,,,82.5k,,,,,77.2k,,,,,73.7k,,72.2k
Oman,2420,,,,,2120,,,,,1800,,,,,1430,,,,,1090,,,,,864,,,,,707,,,,,628,,,,,603,,,,,540,,,,,395,,312
Pakistan,5240,,,,,4610,,,,,4020,,,,,3480,,,,,2960,,,,,2510,,,,,2170,,,,,1920,,,,,1710,,,,,1550,,,,,1390,,1310
Panama,116k,,,,,99.9k,,,,,86.6k,,,,,75.8k,,,,,67.2k,,,,,60.1k,,,,,54.1k,,,,,48.8k,,,,,44.3k,,,,,40.5k,,,,,37.2k,,35.5k
Peru,177k,,,,,153k,,,,,134k,,,,,117k,,,,,103k,,,,,91.9k,,,,,82.7k,,,,,75.7k,,,,,70.7k,,,,,66.4k,,,,,62.3k,,59.9k
Philippines,17.1k,,,,,14.6k,,,,,12.6k,,,,,11k,,,,,9570,,,,,8360,,,,,7360,,,,,6560,,,,,5890,,,,,5380,,,,,4990,,4760
Papua New Guinea,393k,,,,,355k,,,,,311k,,,,,270k,,,,,236k,,,,,207k,,,,,183k,,,,,161k,,,,,142k,,,,,125k,,,,,112k,,105k
Poland,1980,,,,,1890,,,,,1820,,,,,1740,,,,,1660,,,,,1600,,,,,1580,,,,,1570,,,,,1570,,,,,1570,,,,,1570,,1570
Puerto Rico,2910,,,,,2700,,,,,2550,,,,,2340,,,,,2170,,,,,2070,,,,,1980,,,,,1900,,,,,1870,,,,,1900,,,,,1920,,1930
North Korea,6500,,,,,5840,,,,,5070,,,,,4600,,,,,4310,,,,,3990,,,,,3700,,,,,3470,,,,,3320,,,,,3200,,,,,3120,,3070
Portugal,8680,,,,,8820,,,,,8790,,,,,8200,,,,,7840,,,,,7810,,,,,7780,,,,,7620,,,,,7470,,,,,7340,,,,,7360,,7480
Paraguay,193k,,,,,169k,,,,,149k,,,,,132k,,,,,115k,,,,,99.8k,,,,,87.5k,,,,,77.9k,,,,,70.4k,,,,,65k,,,,,60.8k,,58.4k
Palestine,741,,,,,719,,,,,709,,,,,599,,,,,523,,,,,445,,,,,366,,,,,291,,,,,248,,,,,223,,,,,195,,179
Qatar,1030,,,,,673,,,,,445,,,,,318,,,,,209,,,,,137,,,,,118,,,,,110,,,,,91.4,,,,,49.2,,,,,28.8,,25.9
Romania,11.2k,,,,,10.7k,,,,,10.1k,,,,,9600,,,,,9280,,,,,9090,,,,,9070,,,,,9370,,,,,9700,,,,,10.1k,,,,,10.6k,,10.9k
Russia,,,,,,,,,,,,,,,,,,,,,,,,,,,,,,,30.5k,,,,,30.6k,,,,,31.2k,,,,,31.6k,,,,,31.6k,,31.5k
Rwanda,4360,,,,,3890,,,,,3340,,,,,2860,,,,,2420,,,,,1970,,,,,1980,,,,,2040,,,,,1560,,,,,1400,,,,,1230,,1150
Saudi Arabia,550,,,,,462,,,,,376,,,,,289,,,,,213,,,,,164,,,,,138,,,,,121,,,,,106,,,,,92,,,,,81.4,,76.1
Sudan,,,,,,,,,,,,,,,,,,,,,,,,,,,,,,,,,,,,,,,,,,,,,,,,,,,1000,,940
Senegal,11.6k,,,,,10.1k,,,,,8690,,,,,7550,,,,,6620,,,,,5690,,,,,4880,,,,,4250,,,,,3750,,,,,3280,,,,,2830,,2580
Singapore,344,,,,,306,,,,,279,,,,,259,,,,,238,,,,,213,,,,,188,,,,,164,,,,,145,,,,,127,,,,,113,,107
Solomon Islands,357k,,,,,307k,,,,,259k,,,,,215k,,,,,181k,,,,,156k,,,,,135k,,,,,118k,,,,,103k,,,,,90.8k,,,,,81.4k,,76.6k
Sierra Leone,71.4k,,,,,66.7k,,,,,61.4k,,,,,55.4k,,,,,49.6k,,,,,43.5k,,,,,40.7k,,,,,41.6k,,,,,36.2k,,,,,29.7k,,,,,26.5k,,24.8k
El Salvador,8970,,,,,7760,,,,,6800,,,,,6070,,,,,5560,,,,,5200,,,,,4870,,,,,4620,,,,,4470,,,,,4390,,,,,4330,,4290
Somalia,5110,,,,,4560,,,,,4210,,,,,3090,,,,,2340,,,,,2400,,,,,2340,,,,,2200,,,,,1880,,,,,1650,,,,,1470,,1360
Serbia,,,,,,,,,,,,,,,,,,,,,,,,,,,,,,,,,,,,,,,,,,,,,,17.8k,,,,,18.1k,,18.3k
South Sudan,,,,,,,,,,,,,,,,,,,,,,,,,,,,,,,,,,,,,,,,,,,,,,,,,,,4510,,4010
Sao Tome and Principe,33.8k,,,,,32.1k,,,,,28.1k,,,,,24.9k,,,,,22.1k,,,,,20.3k,,,,,18.4k,,,,,16.8k,,,,,15.2k,,,,,13.6k,,,,,12.2k,,11.5k
Suriname,323k,,,,,282k,,,,,267k,,,,,274k,,,,,272k,,,,,258k,,,,,234k,,,,,214k,,,,,204k,,,,,198k,,,,,187k,,182k
Slovak Republic,,,,,,,,,,,,,,,,,,,,,,,,,,,,,,,,,,,,9320,,,,,9300,,,,,9290,,,,,9250,,9230
Slovenia,,,,,,,,,,,,,,,,,,,,,,,,,,,,,,,15.9k,,,,,16k,,,,,16k,,,,,15.8k,,,,,15.4k,,15.4k
Sweden,23k,,,,,22.1k,,,,,21.4k,,,,,21.1k,,,,,20.9k,,,,,20.7k,,,,,20.1k,,,,,19.6k,,,,,19.5k,,,,,19k,,,,,18.2k,,17.8k
Eswatini,12.3k,,,,,11k,,,,,9550,,,,,8200,,,,,7060,,,,,5880,,,,,4970,,,,,4480,,,,,4170,,,,,3970,,,,,3660,,3500
Syria,3430,,,,,2910,,,,,2460,,,,,2080,,,,,1750,,,,,1480,,,,,1270,,,,,1110,,,,,988,,,,,865,,,,,841,,908
Chad,14.6k,,,,,13.3k,,,,,12k,,,,,10.7k,,,,,9690,,,,,8450,,,,,7200,,,,,6100,,,,,5080,,,,,4240,,,,,3590,,3260
Togo,9110,,,,,7930,,,,,6540,,,,,5840,,,,,5040,,,,,4230,,,,,3690,,,,,3260,,,,,2860,,,,,2500,,,,,2180,,2010
Thailand,15.1k,,,,,13k,,,,,11.2k,,,,,9880,,,,,8900,,,,,8130,,,,,7590,,,,,7240,,,,,6840,,,,,6610,,,,,6530,,6450
Tajikistan,,,,,,,,,,,,,,,,,,,,,,,,,,,,,,,3970,,,,,3690,,,,,3420,,,,,3090,,,,,2760,,2580
Turkmenistan,,,,,,,,,,,,,,,,,,,,,,,,,,,,,,,6380,,,,,5710,,,,,5390,,,,,5100,,,,,4790,,4610
Timor-Leste,15.9k,,,,,14.5k,,,,,12.9k,,,,,13k,,,,,13.8k,,,,,11.9k,,,,,10.4k,,,,,9620,,,,,9180,,,,,8050,,,,,7460,,6930
Trinidad and Tobago,4360,,,,,4150,,,,,3960,,,,,3690,,,,,3430,,,,,3210,,,,,3100,,,,,3050,,,,,3010,,,,,2930,,,,,2860,,2820
Tunisia,1070,,,,,974,,,,,873,,,,,780,,,,,685,,,,,600,,,,,536,,,,,492,,,,,468,,,,,448,,,,,424,,410
Turkey,7320,,,,,6520,,,,,5800,,,,,5160,,,,,4600,,,,,4140,,,,,3790,,,,,3500,,,,,3250,,,,,3040,,,,,2830,,2690
Tanzania,9010,,,,,7760,,,,,6640,,,,,5660,,,,,4840,,,,,4150,,,,,3540,,,,,3050,,,,,2690,,,,,2320,,,,,1980,,1800
Uganda,8300,,,,,7000,,,,,6020,,,,,5240,,,,,4510,,,,,3840,,,,,3240,,,,,2770,,,,,2370,,,,,2000,,,,,1700,,1540
Ukraine,,,,,,,,,,,,,,,,,,,,,,,,,,,,,,,3420,,,,,3500,,,,,3660,,,,,3790,,,,,3870,,3910
Uruguay,66.1k,,,,,62.6k,,,,,61k,,,,,60.3k,,,,,58.3k,,,,,56.5k,,,,,54.6k,,,,,52.6k,,,,,51.7k,,,,,51.6k,,,,,50.7k,,50.2k
United States,16k,,,,,15.1k,,,,,14.4k,,,,,13.8k,,,,,13.1k,,,,,12.5k,,,,,11.9k,,,,,11.2k,,,,,10.6k,,,,,10.2k,,,,,9750,,9540
Uzbekistan,,,,,,,,,,,,,,,,,,,,,,,,,,,,,,,2280,,,,,2080,,,,,1950,,,,,1840,,,,,1710,,1640
St. Vincent and the Grenadines,1200,,,,,1140,,,,,1080,,,,,1020,,,,,979,,,,,944,,,,,926,,,,,926,,,,,924,,,,,917,,,,,915,,913
Venezuela,151k,,,,,126k,,,,,108k,,,,,93.8k,,,,,81.9k,,,,,71.9k,,,,,63.7k,,,,,57.3k,,,,,52.2k,,,,,47.9k,,,,,44.4k,,42.6k
Vietnam,25.5k,,,,,22.1k,,,,,19.4k,,,,,17.4k,,,,,15.5k,,,,,13.8k,,,,,12.4k,,,,,11.4k,,,,,10.8k,,,,,10.3k,,,,,9790,,9460
Vanuatu,147k,,,,,127k,,,,,110k,,,,,94.2k,,,,,82.4k,,,,,73.5k,,,,,64.4k,,,,,57.1k,,,,,51.5k,,,,,45.5k,,,,,40.4k,,37.8k
Yemen,393,,,,,360,,,,,330,,,,,291,,,,,241,,,,,199,,,,,159,,,,,128,,,,,112,,,,,96.8,,,,,84.4,,78.3
South Africa,2800,,,,,2460,,,,,2160,,,,,1900,,,,,1680,,,,,1490,,,,,1330,,,,,1200,,,,,1110,,,,,1030,,,,,972,,942
Zambia,32.3k,,,,,27.6k,,,,,23.4k,,,,,19.6k,,,,,16.5k,,,,,14k,,,,,12.2k,,,,,10.7k,,,,,9410,,,,,8230,,,,,7090,,6460
Zimbabwe,4990,,,,,4240,,,,,3590,,,,,3040,,,,,2540,,,,,2100,,,,,1820,,,,,1660,,,,,1580,,,,,1500,,,,,1370,,1280
